-- Insert 10 Users
INSERT INTO USERS (ID, EMAIL, NAME) VALUES (1, 'alice@example.com', 'Alice Johnson');
INSERT INTO USERS (ID, EMAIL, NAME) VALUES (2, 'bob@example.com', 'Bob Smith');
INSERT INTO USERS (ID, EMAIL, NAME) VALUES (3, 'charlie@example.com', 'Charlie Brown');
INSERT INTO USERS (ID, EMAIL, NAME) VALUES (4, 'diana@example.com', 'Diana Prince');
INSERT INTO USERS (ID, EMAIL, NAME) VALUES (5, 'edward@example.com', 'Edward Norton');
INSERT INTO USERS (ID, EMAIL, NAME) VALUES (6, 'frank@example.com', 'Frank Castle');
INSERT INTO USERS (ID, EMAIL, NAME) VALUES (7, 'george@example.com', 'George Miller');
INSERT INTO USERS (ID, EMAIL, NAME) VALUES (8, 'hannah@example.com', 'Hannah Abbott');
INSERT INTO USERS (ID, EMAIL, NAME) VALUES (9, 'ian@example.com', 'Ian McKellen');
INSERT INTO USERS (ID, EMAIL, NAME) VALUES (10, 'julia@example.com', 'Julia Roberts');

-- Insert 10 Books
INSERT INTO BOOK (BOOK_ID, BOOK_AUTHOR, AVAILABLE_COPIES, ISBN, BOOK_TITLE)
VALUES (1, 'J.K. Rowling', 5, '9780747532743', 'Harry Potter and the Philosopher’s Stone');
INSERT INTO BOOK (BOOK_ID, BOOK_AUTHOR, AVAILABLE_COPIES, ISBN, BOOK_TITLE)
VALUES (2, 'J.R.R. Tolkien', 4, '9780261102385', 'The Lord of the Rings');
INSERT INTO BOOK (BOOK_ID, BOOK_AUTHOR, AVAILABLE_COPIES, ISBN, BOOK_TITLE)
VALUES (3, 'George Orwell', 6, '9780451524935', '1984');
INSERT INTO BOOK (BOOK_ID, BOOK_AUTHOR, AVAILABLE_COPIES, ISBN, BOOK_TITLE)
VALUES (4, 'Harper Lee', 7, '9780061120084', 'To Kill a Mockingbird');
INSERT INTO BOOK (BOOK_ID, BOOK_AUTHOR, AVAILABLE_COPIES, ISBN, BOOK_TITLE)
VALUES (5, 'F. Scott Fitzgerald', 3, '9780743273565', 'The Great Gatsby');
INSERT INTO BOOK (BOOK_ID, BOOK_AUTHOR, AVAILABLE_COPIES, ISBN, BOOK_TITLE)
VALUES (6, 'Jane Austen', 8, '9780141439518', 'Pride and Prejudice');
INSERT INTO BOOK (BOOK_ID, BOOK_AUTHOR, AVAILABLE_COPIES, ISBN, BOOK_TITLE)
VALUES (7, 'Leo Tolstoy', 2, '9780199232765', 'War and Peace');
INSERT INTO BOOK (BOOK_ID, BOOK_AUTHOR, AVAILABLE_COPIES, ISBN, BOOK_TITLE)
VALUES (8, 'Mark Twain', 5, '9780486280615', 'The Adventures of Huckleberry Finn');
INSERT INTO BOOK (BOOK_ID, BOOK_AUTHOR, AVAILABLE_COPIES, ISBN, BOOK_TITLE)
VALUES (9, 'Herman Melville', 4, '9781503280786', 'Moby-Dick');
INSERT INTO BOOK (BOOK_ID, BOOK_AUTHOR, AVAILABLE_COPIES, ISBN, BOOK_TITLE)
VALUES (10, 'Mary Shelley', 5, '9780486282114', 'Frankenstein');

-- Insert 5 Loans
INSERT INTO LOAN (LOAN_ID, BORROWED_DATE, DUE_DATE, RETURNED, BOOK_ID, USER_ID)
VALUES (1, '2025-02-01', '2025-02-28', FALSE, 1, 3);
INSERT INTO LOAN (LOAN_ID, BORROWED_DATE, DUE_DATE, RETURNED, BOOK_ID, USER_ID)
VALUES (2, '2025-02-05', '2025-03-05', FALSE, 5, 7);
INSERT INTO LOAN (LOAN_ID, BORROWED_DATE, DUE_DATE, RETURNED, BOOK_ID, USER_ID)
VALUES (3, '2025-02-10', '2025-03-10', TRUE, 3, 2);
INSERT INTO LOAN (LOAN_ID, BORROWED_DATE, DUE_DATE, RETURNED, BOOK_ID, USER_ID)
VALUES (4, '2025-02-15', '2025-03-15', FALSE, 8, 10);
INSERT INTO LOAN (LOAN_ID, BORROWED_DATE, DUE_DATE, RETURNED, BOOK_ID, USER_ID)
VALUES (5, '2025-02-18', '2025-03-18', FALSE, 6, 5);
